CZAS;Benzen;Dwutlenek azotu;Dwutlenek siarki;Pył zawieszony PM10;Pył zawieszony PM2.5;Tlenek azotu;Tlenek węgla;Tlenek węgla;Tlenki azotu
13:00;0.3;4.77453;5.46824;15.1738;10.9529;0.564963;883.348;739.245;5.7
14:00;1.77692;3.53214;1.13272;14.4701;10.468;0.329817;734.072;725.988;4
15:00;0.387926;7.18278;3.77279;13.9858;10.1917;0.420516;700.051;703.283;7.8
16:00;0.461074;11.7049;4.66194;14.8189;10.4967;0.558725;710.342;661.873;12.6
17:00;0.413181;22.6228;5.89875;22.2509;15.7793;1.20924;724.354;647.768;24.4
18:00;0.962014;23.9842;7.23617;34.6132;24.5903;1.11641;683.304;642.916;25.7
