CZAS;Benzen;Dwutlenek azotu;Dwutlenek siarki;Pył zawieszony PM10;Pył zawieszony PM2.5;Tlenek azotu;Tlenek węgla;Tlenek węgla;Tlenki azotu
00:00;0.479293;8.06648;4.48122;50.1978;12.3167;0.874632;240.028;196.556;9.40558
01:00;0.33859;5.82615;4.68465;37.0349;10.4264;0.768291;245.09;203.381;7.00477
02:00;0.354825;6.01798;4.86366;29.1907;9.80348;0.736423;168.228;203.652;7.14771
03:00;0.37575;6.31237;5.33264;24.0236;9.27583;0.81436;175.866;197.263;7.56538
04:00;0.35717;6.47072;4.94281;15.4934;7.55495;0.774526;155.356;187.749;7.66103
05:00;0.401185;14.4777;4.9147;15.2078;7.90672;2.4559;194.766;203.63;18.2415
