CZAS;Benzen;Dwutlenek azotu;Dwutlenek siarki;Pył zawieszony PM10;Pył zawieszony PM2.5;Tlenek azotu;Tlenek węgla;Tlenek węgla;Tlenki azotu
23:00;2.51451;25.1931;11.0638;38.0525;15.6738;9.84368;598.726;671.09;40.2947
00:00;2.55629;31.6431;10.254;48.0118;22.5543;14.9363;726.028;677.792;54.5487
01:00;1.58002;32.1968;12.9458;47.9829;29.2988;9.64032;542.301;664.793;46.9912
02:00;0.994147;22.4299;12.7226;53.3005;37.7052;4.22248;385.825;629.049;28.907
03:00;0.875774;27.6301;12.8586;50.5729;41.6834;6.30255;300.004;577.833;37.2854
04:00;0.897587;25.4418;11.5995;33.7295;31.4687;6.66625;299.522;519.177;35.6695
05:00;0.915025;27.9558;13.7815;28.3495;25.1697;6.77156;328.562;469.547;38.3551
06:00;0.689428;33.0035;14.3822;26.6962;22.851;15.0139;363.768;443.092;56.0541
07:00;0.601272;19.3367;11.7303;21.5966;18.1163;9.46092;285.134;403.893;33.8479
