CZAS;Benzen;Dwutlenek azotu;Dwutlenek siarki;Pył zawieszony PM10;Pył zawieszony PM2.5;Tlenek azotu;Tlenek węgla;Tlenek węgla;Tlenki azotu
12:00;1.27553;14.3363;9.69924;41.7069;28.3745;1.45449;605.94;546.698;16.5692
13:00;0.809225;23.3779;9.52984;50.0174;26.956;4.8394;576.673;567.911;30.7956
14:00;0.786586;21.1604;9.73622;48.5342;26.0583;3.41782;518.501;590.125;26.4084
15:00;0.73292;22.2195;9.55869;48.7498;26.569;2.91486;476.292;620.951;26.6901
16:00;0.952724;29.1924;10.1261;51.3866;26.8797;3.5058;511.051;689.148;34.5621
17:00;1.34931;43.1126;10.9508;57.7488;31.5133;6.53809;591.731;743.817;53.1421
18:00;1.44618;58.3465;11.2475;64.4937;34.8048;15.5342;695.189;811.366;82.1777
