CZAS;Benzen;Dwutlenek azotu;Dwutlenek siarki;Pył zawieszony PM10;Pył zawieszony PM2.5;Tlenek azotu;Tlenek węgla;Tlenek węgla;Tlenki azotu
00:00;1.3843;20.4436;2.47534;32.071;22.7068;7.5492;541.951;506.839;31.8
01:00;1.11426;17.2457;4.18513;31.2931;22.7942;2.68105;454.615;526.687;21.3
02:00;1.0642;14.602;3.92208;37.2411;26.8415;2.82376;420.703;531.347;18.9
03:00;1.13898;17.8574;4.36911;36.8026;27.5173;7.28518;481.397;530.059;29.0291
04:00;1.43842;26.2368;3.88218;40.4497;30.8294;13.3488;523.126;525.882;46.724
05:00;1.67626;29.6244;4.29818;42.884;33.3622;10.8208;559.219;516.354;46.2255
06:00;2.13589;36.524;4.10976;44.6097;34.5658;15.3752;750.431;537.503;60.1086
