CZAS;Benzen;Dwutlenek azotu;Dwutlenek siarki;Pył zawieszony PM10;Pył zawieszony PM2.5;Tlenek azotu;Tlenek węgla;Tlenek węgla;Tlenki azotu
14:00;0.3;25.7979;10.0072;17.6159;7.51896;5.42445;805.631;667.757;34.1242
15:00;0.3385;27.3182;4.9697;23.7993;7.82607;4.75419;742.261;677.346;34.6125
16:00;0.327045;28.7109;5.395;20.5601;8.12331;5.46325;655.25;699.074;37.1042
17:00;0.387205;26.9388;5.6117;21.0665;8.64087;3.89791;611.047;679.25;32.9227
18:00;0.3;49.2236;5.6399;20.4758;8.91353;4.57926;569.681;657.036;56.2475
