CZAS;Benzen;Dwutlenek azotu;Dwutlenek siarki;Pył zawieszony PM10;Pył zawieszony PM2.5;Tlenek azotu;Tlenek węgla;Tlenek węgla;Tlenki azotu
23:00;12.0496;38.1697;3.40268;136.708;91.8024;58.9498;986.156;759.727;128.611
00:00;7.92576;32.8813;2.79014;135.28;93.0721;19.3403;929.693;818.19;62.5535
01:00;6.55424;27.3307;2.99534;149.61;99.4193;18.7001;1065.6;893.485;56.0075
