CZAS;Benzen;Dwutlenek azotu;Pył zawieszony PM10;Pył zawieszony PM2.5;Tlenek azotu;Tlenek węgla;Tlenek węgla;Tlenki azotu
16:00;1.20388;45.6745;58.9846;28.8172;43.3388;530.23;735.659;111.9
22:00;1.6066;40.7963;50.4681;30.3225;30.7361;469.57;718.013;87.7
23:00;1.34737;30.4093;40.4583;25.5545;16.618;378.69;686.094;55.8
00:00;1.33058;27.3984;27.4242;15.37;10.8305;258.639;600.69;43.9
01:00;0.996031;30.2865;26.7674;13.9054;9.98223;285.298;526.92;45.6
