CZAS;Benzen;Dwutlenek azotu;Pył zawieszony PM10;Pył zawieszony PM2.5;Tlenek azotu;Tlenek węgla;Tlenek węgla;Tlenki azotu
00:00;0.697469;62.2421;29.9592;23.877;50.6888;607.563;1014.79;140.007
01:00;0.505656;46.5215;30.9927;26.2383;38.0283;500.688;917.714;104.713
02:00;0.434024;34.2889;28.2642;25.0483;20.4241;453.711;829.622;65.6658
