CZAS;Benzen;Dwutlenek azotu;Pył zawieszony PM10;Pył zawieszony PM2.5;Tlenek azotu;Tlenek węgla;Tlenek węgla;Tlenki azotu
11:00;0.788242;60.8573;35.6162;21.4176;113.801;1150.3;1159.62;235.263
12:00;1.30758;86.2046;30.9703;17.0411;138.011;1073.47;1125.06;298.04
13:00;2.54963;93.4894;32.3158;17.723;150.322;1361.73;1107.13;324.314
14:00;1.54376;90.5704;34.7573;18.7115;154.103;1040.01;1082.15;327.031
15:00;1.65814;91.2076;33.2512;18.2887;148.55;1118.34;1104.66;319.011
16:00;1.80996;103.995;30.2711;18.1515;155.923;1213.85;1055.09;343.189
17:00;1.87823;95.2419;35.7513;19.2826;140.541;917.7;1045.75;311.105
18:00;2.02168;105.368;37.8939;19.9147;179.152;981.65;1029.41;380.247
19:00;2.21301;84.4675;46.3894;22.1222;130.978;950.44;982.76;285.417
