CZAS;Benzen;Dwutlenek azotu;Pył zawieszony PM10;Pył zawieszony PM2.5;Tlenek azotu;Tlenek węgla;Tlenek węgla;Tlenki azotu
12:00;0.927101;42.3405;35.1306;16.1537;101.075;568.19;678.153;196.8
13:00;0.842424;65.3491;27.0897;13.0943;114.511;697.96;713.033;240.3
14:00;0.981941;69.3255;20.766;11.1399;117.138;656.75;744.494;248.2
15:00;0.859349;72.8784;26.6449;12.1304;117.533;622.13;806.046;252.4
16:00;1.14492;74.8626;22.7022;9.86262;110.943;661.25;840.871;244.3
17:00;1.66755;93.5909;37.4923;17.5751;178.501;862.64;871.876;366.4
18:00;1.74999;92.8661;39.4208;17.5316;181.957;922.31;889.663;371
19:00;1.94513;93.5521;40.5694;19.7513;206.549;964.72;871.505;409.1
20:00;2.3962;85.9548;56.2488;29.5353;197.665;1060.61;816.595;388.1
