CZAS;Pył zawieszony PM10
12:00;5.67688
13:00;8.43603
14:00;5.81842
15:00;8.94006
16:00;9.23718
17:00;6.97447
18:00;12.2849
